-- Backup Database
-- Date: 2026-01-14 03:31:58
-- Generated by: admin

SET FOREIGN_KEY_CHECKS=0;
SET SQL_MODE = 'NO_AUTO_VALUE_ON_ZERO';
SET time_zone = '+00:00';


-- --------------------------------------------------------
-- Table: actualite_laboratoire
-- --------------------------------------------------------

DROP TABLE IF EXISTS `actualite_laboratoire`;
CREATE TABLE `actualite_laboratoire` (
  `id` int NOT NULL AUTO_INCREMENT,
  `type_actualite` enum('projet','publication','evenement','soutenance','autre') COLLATE utf8mb4_unicode_ci NOT NULL,
  `titre` varchar(255) COLLATE utf8mb4_unicode_ci NOT NULL,
  `descriptif` text COLLATE utf8mb4_unicode_ci NOT NULL,
  `date_publication` datetime DEFAULT CURRENT_TIMESTAMP,
  `image` varchar(255) COLLATE utf8mb4_unicode_ci DEFAULT NULL,
  `lien_detail` varchar(255) COLLATE utf8mb4_unicode_ci DEFAULT NULL,
  PRIMARY KEY (`id`)
) ENGINE=MyISAM AUTO_INCREMENT=5 DEFAULT CHARSET=utf8mb4 COLLATE=utf8mb4_unicode_ci;

-- Data for table: actualite_laboratoire
LOCK TABLES `actualite_laboratoire` WRITE;
INSERT INTO `actualite_laboratoire` (`id`, `type_actualite`, `titre`, `descriptif`, `date_publication`, `image`, `lien_detail`) VALUES ('1', 'evenement', 'Journée Portes Ouvertes 2025', 'Le laboratoire TDW ouvre ses portes au grand public le 15 mars 2025. Découvrez nos projets de recherche et rencontrez nos équipes.', '2024-12-10 00:35:07', NULL, NULL);
INSERT INTO `actualite_laboratoire` (`id`, `type_actualite`, `titre`, `descriptif`, `date_publication`, `image`, `lien_detail`) VALUES ('2', 'soutenance', 'Trois soutenances prévues en janvier', 'Félicitations aux doctorants qui soutiendront leur thèse en Intelligence Artificielle, Cybersécurité et Cloud Computing.', '2024-12-12 10:00:00', NULL, NULL);
INSERT INTO `actualite_laboratoire` (`id`, `type_actualite`, `titre`, `descriptif`, `date_publication`, `image`, `lien_detail`) VALUES ('3', 'projet', 'Projet Cloud financé', 'Obtention d\'un financement national pour le projet Infrastructure Cloud 2.0 d\'un montant de 2 millions de dinars.', '2024-12-08 14:30:00', NULL, NULL);
INSERT INTO `actualite_laboratoire` (`id`, `type_actualite`, `titre`, `descriptif`, `date_publication`, `image`, `lien_detail`) VALUES ('4', 'publication', 'Publication internationale acceptée', 'Notre article sur le Machine Learning a été accepté dans une conférence internationale de prestige.', '2024-12-05 09:00:00', NULL, NULL);
UNLOCK TABLES;


-- --------------------------------------------------------
-- Table: actualite_scientifique
-- --------------------------------------------------------

DROP TABLE IF EXISTS `actualite_scientifique`;
CREATE TABLE `actualite_scientifique` (
  `id` int NOT NULL AUTO_INCREMENT,
  `type_actualite` enum('nouveau_projet','publication','collaboration','autre') COLLATE utf8mb4_unicode_ci NOT NULL,
  `titre` varchar(255) COLLATE utf8mb4_unicode_ci NOT NULL,
  `contenu` text COLLATE utf8mb4_unicode_ci NOT NULL,
  `date_publication` datetime DEFAULT CURRENT_TIMESTAMP,
  `image` varchar(255) COLLATE utf8mb4_unicode_ci DEFAULT NULL,
  `auteur_id` int DEFAULT NULL,
  PRIMARY KEY (`id`),
  KEY `auteur_id` (`auteur_id`)
) ENGINE=MyISAM AUTO_INCREMENT=5 DEFAULT CHARSET=utf8mb4 COLLATE=utf8mb4_unicode_ci;

-- Data for table: actualite_scientifique
LOCK TABLES `actualite_scientifique` WRITE;
INSERT INTO `actualite_scientifique` (`id`, `type_actualite`, `titre`, `contenu`, `date_publication`, `image`, `auteur_id`) VALUES ('1', 'nouveau_projet', 'Lancement du projet IA-Santé', 'Le laboratoire TDW lance un nouveau projet ambitieux combinant Intelligence Artificielle et santé publique. Ce projet vise à développer des outils d\'aide au diagnostic médical basés sur le deep learning.', '2024-12-10 00:35:07', NULL, '2');
INSERT INTO `actualite_scientifique` (`id`, `type_actualite`, `titre`, `contenu`, `date_publication`, `image`, `auteur_id`) VALUES ('2', 'publication', 'Publication dans Nature Machine Intelligence', 'Article accepté dans Nature Machine Intelligence, une revue de prestige internationale. L\'article porte sur les nouvelles architectures de réseaux de neurones pour la reconnaissance d\'images.', '2024-12-11 10:00:00', NULL, '2');
INSERT INTO `actualite_scientifique` (`id`, `type_actualite`, `titre`, `contenu`, `date_publication`, `image`, `auteur_id`) VALUES ('3', 'collaboration', 'Nouveau partenariat avec MIT', 'Signature d\'un accord de collaboration scientifique avec le Massachusetts Institute of Technology (MIT). Ce partenariat permettra des échanges de chercheurs et la co-publication d\'articles.', '2024-12-09 15:30:00', NULL, '4');
INSERT INTO `actualite_scientifique` (`id`, `type_actualite`, `titre`, `contenu`, `date_publication`, `image`, `auteur_id`) VALUES ('4', 'autre', 'Prix de la meilleure recherche 2024', 'Le laboratoire TDW remporte le prix de la meilleure recherche en informatique décerné par le ministère de l\'enseignement supérieur.', '2024-12-07 11:00:00', NULL, '2');
UNLOCK TABLES;


-- --------------------------------------------------------
-- Table: admin
-- --------------------------------------------------------

DROP TABLE IF EXISTS `admin`;
CREATE TABLE `admin` (
  `id` int NOT NULL AUTO_INCREMENT,
  `user_id` int NOT NULL,
  `niveau_acces` enum('super_admin','admin','moderateur') COLLATE utf8mb4_unicode_ci DEFAULT 'admin',
  PRIMARY KEY (`id`),
  UNIQUE KEY `user_id` (`user_id`)
) ENGINE=MyISAM AUTO_INCREMENT=2 DEFAULT CHARSET=utf8mb4 COLLATE=utf8mb4_unicode_ci;

-- Data for table: admin
LOCK TABLES `admin` WRITE;
INSERT INTO `admin` (`id`, `user_id`, `niveau_acces`) VALUES ('1', '1', 'super_admin');
UNLOCK TABLES;


-- --------------------------------------------------------
-- Table: creneau
-- --------------------------------------------------------

DROP TABLE IF EXISTS `creneau`;
CREATE TABLE `creneau` (
  `id` int NOT NULL AUTO_INCREMENT,
  `equipement_id` int NOT NULL,
  `membre_id` int NOT NULL,
  `date_debut` datetime NOT NULL,
  `date_fin` datetime NOT NULL,
  `statut` enum('confirme','en_attente','annule') COLLATE utf8mb4_unicode_ci DEFAULT 'confirme',
  `motif` text COLLATE utf8mb4_unicode_ci,
  PRIMARY KEY (`id`),
  KEY `equipement_id` (`equipement_id`),
  KEY `membre_id` (`membre_id`),
  KEY `idx_creneau_dates` (`date_debut`,`date_fin`)
) ENGINE=MyISAM AUTO_INCREMENT=6 DEFAULT CHARSET=utf8mb4 COLLATE=utf8mb4_unicode_ci;

-- Data for table: creneau
LOCK TABLES `creneau` WRITE;
INSERT INTO `creneau` (`id`, `equipement_id`, `membre_id`, `date_debut`, `date_fin`, `statut`, `motif`) VALUES ('1', '2', '2', '2024-12-10 09:00:00', '2024-12-10 17:00:00', 'confirme', 'Entraînement modèle IA');
INSERT INTO `creneau` (`id`, `equipement_id`, `membre_id`, `date_debut`, `date_fin`, `statut`, `motif`) VALUES ('2', '1', '3', '2024-12-11 14:00:00', '2024-12-11 16:00:00', 'confirme', 'TP Cybersécurité');
INSERT INTO `creneau` (`id`, `equipement_id`, `membre_id`, `date_debut`, `date_fin`, `statut`, `motif`) VALUES ('3', '3', '1', '2024-12-12 10:00:00', '2024-12-12 12:00:00', '', 'Test algorithme interaction');
INSERT INTO `creneau` (`id`, `equipement_id`, `membre_id`, `date_debut`, `date_fin`, `statut`, `motif`) VALUES ('5', '1', '1', '2026-01-09 00:15:00', '2026-01-23 00:15:00', 'annule', 'j\'ai besoin de ce motif');
UNLOCK TABLES;


-- --------------------------------------------------------
-- Table: encadrement
-- --------------------------------------------------------

DROP TABLE IF EXISTS `encadrement`;
CREATE TABLE `encadrement` (
  `id` int NOT NULL AUTO_INCREMENT,
  `projet_id` int DEFAULT NULL,
  `encadrant_id` int NOT NULL,
  `encadre_id` int NOT NULL,
  `role_encadrement` varchar(100) COLLATE utf8mb4_unicode_ci DEFAULT NULL,
  `date_debut` date DEFAULT NULL,
  `date_fin` date DEFAULT NULL,
  PRIMARY KEY (`id`),
  KEY `projet_id` (`projet_id`),
  KEY `encadrant_id` (`encadrant_id`),
  KEY `encadre_id` (`encadre_id`)
) ENGINE=MyISAM DEFAULT CHARSET=utf8mb4 COLLATE=utf8mb4_unicode_ci;


-- --------------------------------------------------------
-- Table: equipe
-- --------------------------------------------------------

DROP TABLE IF EXISTS `equipe`;
CREATE TABLE `equipe` (
  `id` int NOT NULL AUTO_INCREMENT,
  `nom` varchar(150) COLLATE utf8mb4_unicode_ci NOT NULL,
  `description` text COLLATE utf8mb4_unicode_ci,
  `domaine` varchar(200) COLLATE utf8mb4_unicode_ci DEFAULT NULL,
  `chef_id` int DEFAULT NULL,
  `date_creation` date DEFAULT NULL,
  PRIMARY KEY (`id`),
  KEY `fk_equipe_chef` (`chef_id`)
) ENGINE=MyISAM AUTO_INCREMENT=5 DEFAULT CHARSET=utf8mb4 COLLATE=utf8mb4_unicode_ci;

-- Data for table: equipe
LOCK TABLES `equipe` WRITE;
INSERT INTO `equipe` (`id`, `nom`, `description`, `domaine`, `chef_id`, `date_creation`) VALUES ('1', 'Équipe Intelligence Artificielle', 'Recherche en apprentissage automatique et deep learning', 'Intelligence Artificielle', '2', '2020-01-15');
INSERT INTO `equipe` (`id`, `nom`, `description`, `domaine`, `chef_id`, `date_creation`) VALUES ('2', 'Équipe Sécurité Informatique', 'Cybersécurité et cryptographie', 'Sécurité', '3', '2019-06-10');
INSERT INTO `equipe` (`id`, `nom`, `description`, `domaine`, `chef_id`, `date_creation`) VALUES ('3', 'Équipe Cloud Computing', 'Systèmes distribués et virtualisation', 'Cloud', '4', '2021-03-20');
UNLOCK TABLES;


-- --------------------------------------------------------
-- Table: equipement
-- --------------------------------------------------------

DROP TABLE IF EXISTS `equipement`;
CREATE TABLE `equipement` (
  `id` int NOT NULL AUTO_INCREMENT,
  `nom` varchar(150) COLLATE utf8mb4_unicode_ci NOT NULL,
  `type_equipement` enum('salle','serveur','pc','robot','imprimante','capteur','autre') COLLATE utf8mb4_unicode_ci NOT NULL,
  `etat` enum('libre','reserve','en_maintenance') COLLATE utf8mb4_unicode_ci NOT NULL DEFAULT 'libre',
  `description` text COLLATE utf8mb4_unicode_ci,
  `localisation` varchar(200) COLLATE utf8mb4_unicode_ci DEFAULT NULL,
  `date_acquisition` date DEFAULT NULL,
  `numero_serie` varchar(100) COLLATE utf8mb4_unicode_ci DEFAULT NULL,
  `equipe_id` int DEFAULT NULL COMMENT 'Référence vers l''équipe propriétaire de l''équipement',
  PRIMARY KEY (`id`),
  KEY `fk_equipement_equipe` (`equipe_id`)
) ENGINE=MyISAM AUTO_INCREMENT=5 DEFAULT CHARSET=utf8mb4 COLLATE=utf8mb4_unicode_ci;

-- Data for table: equipement
LOCK TABLES `equipement` WRITE;
INSERT INTO `equipement` (`id`, `nom`, `type_equipement`, `etat`, `description`, `localisation`, `date_acquisition`, `numero_serie`, `equipe_id`) VALUES ('1', 'Salle de TP 01', 'salle', 'libre', 'Salle équipée de 30 postes', 'Bâtiment A, 1er étage', NULL, '792836', '1');
INSERT INTO `equipement` (`id`, `nom`, `type_equipement`, `etat`, `description`, `localisation`, `date_acquisition`, `numero_serie`, `equipe_id`) VALUES ('2', 'Serveur GPU Tesla V100', 'serveur', 'reserve', 'Serveur dédié au deep learning', 'Salle serveurs', NULL, '322360', '1');
INSERT INTO `equipement` (`id`, `nom`, `type_equipement`, `etat`, `description`, `localisation`, `date_acquisition`, `numero_serie`, `equipe_id`) VALUES ('3', 'Robot Pepper', 'robot', 'libre', 'Robot humanoïde pour l\'interaction', 'Laboratoire robotique', NULL, '933293', '2');
INSERT INTO `equipement` (`id`, `nom`, `type_equipement`, `etat`, `description`, `localisation`, `date_acquisition`, `numero_serie`, `equipe_id`) VALUES ('4', 'Imprimante 3D Ultimaker', 'imprimante', 'en_maintenance', 'Imprimante 3D professionnelle', 'Atelier fabrication', NULL, '899383', '3');
UNLOCK TABLES;


-- --------------------------------------------------------
-- Table: evenement
-- --------------------------------------------------------

DROP TABLE IF EXISTS `evenement`;
CREATE TABLE `evenement` (
  `id` int NOT NULL AUTO_INCREMENT,
  `type_evenement` enum('conference','atelier','soutenance','seminaire','autre') COLLATE utf8mb4_unicode_ci NOT NULL,
  `titre` varchar(255) COLLATE utf8mb4_unicode_ci NOT NULL,
  `description` text COLLATE utf8mb4_unicode_ci,
  `date_evenement` datetime NOT NULL,
  `lieu` varchar(200) COLLATE utf8mb4_unicode_ci DEFAULT NULL,
  `organisateur_id` int DEFAULT NULL,
  `lien_inscription` varchar(255) COLLATE utf8mb4_unicode_ci DEFAULT NULL,
  PRIMARY KEY (`id`),
  KEY `organisateur_id` (`organisateur_id`),
  KEY `idx_evenement_date` (`date_evenement`)
) ENGINE=MyISAM AUTO_INCREMENT=10 DEFAULT CHARSET=utf8mb4 COLLATE=utf8mb4_unicode_ci;

-- Data for table: evenement
LOCK TABLES `evenement` WRITE;
INSERT INTO `evenement` (`id`, `type_evenement`, `titre`, `description`, `date_evenement`, `lieu`, `organisateur_id`, `lien_inscription`) VALUES ('1', 'conference', 'Conférence Internationale sur l\'IA', 'CIIA 2025 - Intelligence Artificielle et Applications. Une conférence majeure réunissant des experts internationaux.', '2026-05-14 00:00:00', 'Amphithéâtre principal', '2', NULL);
INSERT INTO `evenement` (`id`, `type_evenement`, `titre`, `description`, `date_evenement`, `lieu`, `organisateur_id`, `lien_inscription`) VALUES ('2', 'seminaire', 'Séminaire sur la Cybersécurité', 'Les dernières tendances en cybersécurité et protection des données dans le cloud.', '2026-02-20 00:00:00', 'Salle de conférences B', '3', NULL);
INSERT INTO `evenement` (`id`, `type_evenement`, `titre`, `description`, `date_evenement`, `lieu`, `organisateur_id`, `lien_inscription`) VALUES ('3', 'soutenance', 'Soutenance de thèse - Cloud Computing', 'Optimisation des performances dans les environnements cloud distribués.', '2025-12-25 00:00:00', 'Salle de soutenance', '4', NULL);
INSERT INTO `evenement` (`id`, `type_evenement`, `titre`, `description`, `date_evenement`, `lieu`, `organisateur_id`, `lien_inscription`) VALUES ('4', 'atelier', 'Atelier Machine Learning', 'Introduction pratique aux réseaux de neurones et au deep learning avec Python.', '2025-12-27 00:00:00', 'Laboratoire d\'informatique', '2', NULL);
INSERT INTO `evenement` (`id`, `type_evenement`, `titre`, `description`, `date_evenement`, `lieu`, `organisateur_id`, `lien_inscription`) VALUES ('5', 'seminaire', 'Blockchain et Crypto-monnaies', 'Technologies blockchain : applications et perspectives d\'avenir.', '2026-04-05 00:00:00', 'Salle C', '3', NULL);
INSERT INTO `evenement` (`id`, `type_evenement`, `titre`, `description`, `date_evenement`, `lieu`, `organisateur_id`, `lien_inscription`) VALUES ('6', 'conference', 'Journée Portes Ouvertes 2025', 'Découvrez nos laboratoires, rencontrez nos chercheurs et explorez nos projets innovants.', '2026-06-12 00:00:00', 'Campus universitaire', '1', NULL);
INSERT INTO `evenement` (`id`, `type_evenement`, `titre`, `description`, `date_evenement`, `lieu`, `organisateur_id`, `lien_inscription`) VALUES ('7', 'conference', 'Colloque International Web Sémantique', 'Colloque réunissant chercheurs et industriels sur les technologies du web sémantique et des données liées', '2026-04-18 09:00:00', 'Auditorium principal', '2', NULL);
INSERT INTO `evenement` (`id`, `type_evenement`, `titre`, `description`, `date_evenement`, `lieu`, `organisateur_id`, `lien_inscription`) VALUES ('8', 'conference', 'Colloque National IA et Santé', 'Présentation des dernières avancées en intelligence artificielle appliquée à la santé', '2026-05-22 14:00:00', 'Centre de conférences', '3', NULL);
INSERT INTO `evenement` (`id`, `type_evenement`, `titre`, `description`, `date_evenement`, `lieu`, `organisateur_id`, `lien_inscription`) VALUES ('9', 'conference', 'Colloque Recherche en Réseaux', 'Colloque sur les architectures réseaux de nouvelle génération', '2026-07-10 09:00:00', 'Grand amphithéâtre', '2', NULL);
UNLOCK TABLES;


-- --------------------------------------------------------
-- Table: evenement_scientifique
-- --------------------------------------------------------

DROP TABLE IF EXISTS `evenement_scientifique`;
CREATE TABLE `evenement_scientifique` (
  `id` int NOT NULL AUTO_INCREMENT,
  `evenement_id` int NOT NULL,
  `type_scientifique` enum('atelier','seminaire','conference','colloque') COLLATE utf8mb4_unicode_ci NOT NULL,
  `theme_scientifique` varchar(200) COLLATE utf8mb4_unicode_ci DEFAULT NULL,
  `intervenant_principal` varchar(150) COLLATE utf8mb4_unicode_ci DEFAULT NULL,
  `nombre_participants` int DEFAULT NULL,
  PRIMARY KEY (`id`),
  UNIQUE KEY `evenement_id` (`evenement_id`)
) ENGINE=MyISAM AUTO_INCREMENT=8 DEFAULT CHARSET=utf8mb4 COLLATE=utf8mb4_unicode_ci;

-- Data for table: evenement_scientifique
LOCK TABLES `evenement_scientifique` WRITE;
INSERT INTO `evenement_scientifique` (`id`, `evenement_id`, `type_scientifique`, `theme_scientifique`, `intervenant_principal`, `nombre_participants`) VALUES ('1', '1', 'conference', 'Intelligence Artificielle et Applications', 'Dr. Ahmed Benali', '150');
INSERT INTO `evenement_scientifique` (`id`, `evenement_id`, `type_scientifique`, `theme_scientifique`, `intervenant_principal`, `nombre_participants`) VALUES ('2', '2', 'seminaire', 'Cybersécurité et Protection des Données', 'Prof. Sarah Martin', '80');
INSERT INTO `evenement_scientifique` (`id`, `evenement_id`, `type_scientifique`, `theme_scientifique`, `intervenant_principal`, `nombre_participants`) VALUES ('3', '4', 'atelier', 'Réseaux de Neurones et Deep Learning', 'Dr. Mohamed Rezki', '40');
INSERT INTO `evenement_scientifique` (`id`, `evenement_id`, `type_scientifique`, `theme_scientifique`, `intervenant_principal`, `nombre_participants`) VALUES ('4', '5', 'seminaire', 'Technologies Blockchain', 'Prof. Karim Djelloul', '60');
INSERT INTO `evenement_scientifique` (`id`, `evenement_id`, `type_scientifique`, `theme_scientifique`, `intervenant_principal`, `nombre_participants`) VALUES ('5', '7', 'colloque', 'Web Sémantique et Données Liées', 'Prof. Tim Berners-Lee (visioconférence)', '200');
INSERT INTO `evenement_scientifique` (`id`, `evenement_id`, `type_scientifique`, `theme_scientifique`, `intervenant_principal`, `nombre_participants`) VALUES ('6', '8', 'colloque', 'IA en Médecine et Diagnostic', 'Dr. Fatima Boukhris', '180');
INSERT INTO `evenement_scientifique` (`id`, `evenement_id`, `type_scientifique`, `theme_scientifique`, `intervenant_principal`, `nombre_participants`) VALUES ('7', '9', 'colloque', 'Réseaux 5G et IoT', 'Prof. Jean Dupont', '120');
UNLOCK TABLES;


-- --------------------------------------------------------
-- Table: membre
-- --------------------------------------------------------

DROP TABLE IF EXISTS `membre`;
CREATE TABLE `membre` (
  `id` int NOT NULL AUTO_INCREMENT,
  `user_id` int DEFAULT NULL,
  `nom` varchar(100) COLLATE utf8mb4_unicode_ci DEFAULT NULL,
  `prenom` varchar(100) COLLATE utf8mb4_unicode_ci DEFAULT NULL,
  `poste` enum('enseignant','doctorant','etudiant','invite') COLLATE utf8mb4_unicode_ci NOT NULL,
  `grade` varchar(100) COLLATE utf8mb4_unicode_ci DEFAULT NULL,
  `photo` varchar(255) COLLATE utf8mb4_unicode_ci DEFAULT NULL,
  `telephone` varchar(20) COLLATE utf8mb4_unicode_ci DEFAULT NULL,
  `specialite` varchar(255) COLLATE utf8mb4_unicode_ci DEFAULT NULL,
  `adresse` text COLLATE utf8mb4_unicode_ci,
  `biographie` text COLLATE utf8mb4_unicode_ci,
  `chef_equipe` tinyint(1) DEFAULT '0',
  `equipe_id` int DEFAULT NULL,
  `date_adhesion` date DEFAULT NULL,
  PRIMARY KEY (`id`),
  UNIQUE KEY `user_id` (`user_id`),
  UNIQUE KEY `unique_user_membre` (`user_id`),
  KEY `idx_membre_equipe` (`equipe_id`)
) ENGINE=MyISAM AUTO_INCREMENT=5 DEFAULT CHARSET=utf8mb4 COLLATE=utf8mb4_unicode_ci;

-- Data for table: membre
LOCK TABLES `membre` WRITE;
INSERT INTO `membre` (`id`, `user_id`, `nom`, `prenom`, `poste`, `grade`, `photo`, `telephone`, `specialite`, `adresse`, `biographie`, `chef_equipe`, `equipe_id`, `date_adhesion`) VALUES ('1', '2', 'user', 'user', 'etudiant', 'Étudiant', 'membre_1_1767619789.jpg', '+213 55 12 34 56', 'Intelligence Artificielle', 'école nationale supérieure d\'algérie', 'Etudiant en informatique spécialisé en IA', '0', '1', '2020-12-21');
INSERT INTO `membre` (`id`, `user_id`, `nom`, `prenom`, `poste`, `grade`, `photo`, `telephone`, `specialite`, `adresse`, `biographie`, `chef_equipe`, `equipe_id`, `date_adhesion`) VALUES ('2', '4', 'karim.benali', '', 'enseignant', 'Maître de conférences A', 'benali.jpg', '+213 55 23 45 67', 'Machine Learning', 'Faculté des Sciences, Tlemcen', 'Expert en machine learning avec 10 ans d\'expérience. Recherche axée sur les réseaux de neurones et l\'apprentissage profond.', '1', '1', '2020-12-21');
INSERT INTO `membre` (`id`, `user_id`, `nom`, `prenom`, `poste`, `grade`, `photo`, `telephone`, `specialite`, `adresse`, `biographie`, `chef_equipe`, `equipe_id`, `date_adhesion`) VALUES ('3', '5', 'sarah.amrani', '', 'doctorant', 'Doctorant', 'amrani.jpg', '+213 55 34 56 78', 'Cybersécurité', 'Campus universitaire, Tlemcen', 'Doctorante en cybersécurité, focus sur la détection d\'intrusions et la sécurité des systèmes embarqués.', '0', '2', '2020-12-21');
INSERT INTO `membre` (`id`, `user_id`, `nom`, `prenom`, `poste`, `grade`, `photo`, `telephone`, `specialite`, `adresse`, `biographie`, `chef_equipe`, `equipe_id`, `date_adhesion`) VALUES ('4', '6', 'ahmed.boudiaf', '', 'enseignant', 'Professeur', 'boudiaf.jpg', '+213 55 45 67 89', 'Systèmes Distribués', 'Département Informatique, Tlemcen', 'Directeur de recherche en systèmes distribués. Spécialiste en cloud computing et architectures scalables.', '1', '3', '2020-12-21');
UNLOCK TABLES;


-- --------------------------------------------------------
-- Table: notification
-- --------------------------------------------------------

DROP TABLE IF EXISTS `notification`;
CREATE TABLE `notification` (
  `id` int NOT NULL AUTO_INCREMENT,
  `titre` varchar(255) COLLATE utf8mb4_unicode_ci NOT NULL,
  `message` text COLLATE utf8mb4_unicode_ci NOT NULL,
  `type_notification` enum('evenement','projet','equipement','publication','systeme','generale') COLLATE utf8mb4_unicode_ci DEFAULT 'generale',
  `priorite` enum('normale','importante','urgente') COLLATE utf8mb4_unicode_ci DEFAULT 'normale',
  `destinataire_type` enum('tous','equipe','role','individuel') COLLATE utf8mb4_unicode_ci DEFAULT 'tous',
  `destinataire_id` int DEFAULT NULL,
  `createur_id` int NOT NULL,
  `date_creation` datetime DEFAULT CURRENT_TIMESTAMP,
  `lien` varchar(255) COLLATE utf8mb4_unicode_ci DEFAULT NULL,
  PRIMARY KEY (`id`),
  KEY `createur_id` (`createur_id`)
) ENGINE=MyISAM AUTO_INCREMENT=4 DEFAULT CHARSET=utf8mb4 COLLATE=utf8mb4_unicode_ci;

-- Data for table: notification
LOCK TABLES `notification` WRITE;
INSERT INTO `notification` (`id`, `titre`, `message`, `type_notification`, `priorite`, `destinataire_type`, `destinataire_id`, `createur_id`, `date_creation`, `lien`) VALUES ('1', 'Nouvelle publication', 'Nouvelle publication', 'publication', 'normale', 'individuel', '2', '1', '2026-01-14 01:53:42', '');
INSERT INTO `notification` (`id`, `titre`, `message`, `type_notification`, `priorite`, `destinataire_type`, `destinataire_id`, `createur_id`, `date_creation`, `lien`) VALUES ('3', 'Nouvel événement', 'veuillez consulter cet événement', 'evenement', 'normale', 'equipe', '2', '1', '2026-01-14 02:25:21', '');
UNLOCK TABLES;


-- --------------------------------------------------------
-- Table: notification_lecture
-- --------------------------------------------------------

DROP TABLE IF EXISTS `notification_lecture`;
CREATE TABLE `notification_lecture` (
  `id` int NOT NULL AUTO_INCREMENT,
  `notification_id` int NOT NULL,
  `user_id` int NOT NULL,
  `date_lecture` datetime DEFAULT CURRENT_TIMESTAMP,
  PRIMARY KEY (`id`),
  UNIQUE KEY `unique_lecture` (`notification_id`,`user_id`),
  KEY `user_id` (`user_id`)
) ENGINE=MyISAM AUTO_INCREMENT=2 DEFAULT CHARSET=utf8mb4 COLLATE=utf8mb4_unicode_ci;

-- Data for table: notification_lecture
LOCK TABLES `notification_lecture` WRITE;
INSERT INTO `notification_lecture` (`id`, `notification_id`, `user_id`, `date_lecture`) VALUES ('1', '1', '2', '2026-01-14 02:14:15');
UNLOCK TABLES;


-- --------------------------------------------------------
-- Table: offre_et_opportunite
-- --------------------------------------------------------

DROP TABLE IF EXISTS `offre_et_opportunite`;
CREATE TABLE `offre_et_opportunite` (
  `id` int NOT NULL AUTO_INCREMENT,
  `type_offre` enum('stage','these','bourse','collaboration','emploi') COLLATE utf8mb4_unicode_ci NOT NULL,
  `titre` varchar(255) COLLATE utf8mb4_unicode_ci NOT NULL,
  `description` text COLLATE utf8mb4_unicode_ci NOT NULL,
  `date_publication` date NOT NULL,
  `date_expiration` date DEFAULT NULL,
  `contact` varchar(150) COLLATE utf8mb4_unicode_ci DEFAULT NULL,
  `lien_externe` varchar(255) COLLATE utf8mb4_unicode_ci DEFAULT NULL,
  `statut` enum('active','expiree','pourvue') COLLATE utf8mb4_unicode_ci DEFAULT 'active',
  PRIMARY KEY (`id`)
) ENGINE=MyISAM AUTO_INCREMENT=4 DEFAULT CHARSET=utf8mb4 COLLATE=utf8mb4_unicode_ci;

-- Data for table: offre_et_opportunite
LOCK TABLES `offre_et_opportunite` WRITE;
INSERT INTO `offre_et_opportunite` (`id`, `type_offre`, `titre`, `description`, `date_publication`, `date_expiration`, `contact`, `lien_externe`, `statut`) VALUES ('1', 'stage', 'Stage Master 2 - Machine Learning', 'Stage de 6 mois sur le développement d\'algorithmes ML', '2024-12-01', '2026-02-28', NULL, NULL, 'active');
INSERT INTO `offre_et_opportunite` (`id`, `type_offre`, `titre`, `description`, `date_publication`, `date_expiration`, `contact`, `lien_externe`, `statut`) VALUES ('2', 'these', 'Sujet de thèse - Sécurité IoT', 'Thèse sur la sécurité des objets connectés', '2024-11-15', '2025-03-31', NULL, NULL, 'active');
INSERT INTO `offre_et_opportunite` (`id`, `type_offre`, `titre`, `description`, `date_publication`, `date_expiration`, `contact`, `lien_externe`, `statut`) VALUES ('3', 'bourse', 'Bourse doctorale - Cloud Computing', 'Bourse entièrement financée pour 3 ans', '2024-10-01', '2025-01-15', NULL, NULL, 'active');
UNLOCK TABLES;


-- --------------------------------------------------------
-- Table: partenaire
-- --------------------------------------------------------

DROP TABLE IF EXISTS `partenaire`;
CREATE TABLE `partenaire` (
  `id` int NOT NULL AUTO_INCREMENT,
  `nom` varchar(200) COLLATE utf8mb4_unicode_ci NOT NULL,
  `type_partenaire` enum('universite','entreprise','organisme','autre') COLLATE utf8mb4_unicode_ci NOT NULL,
  `description` text COLLATE utf8mb4_unicode_ci,
  `contact` varchar(150) COLLATE utf8mb4_unicode_ci DEFAULT NULL,
  `email` varchar(150) COLLATE utf8mb4_unicode_ci DEFAULT NULL,
  `telephone` varchar(50) COLLATE utf8mb4_unicode_ci DEFAULT NULL,
  `site_web` varchar(255) COLLATE utf8mb4_unicode_ci DEFAULT NULL,
  `adresse` text COLLATE utf8mb4_unicode_ci,
  `date_partenariat` date DEFAULT NULL,
  PRIMARY KEY (`id`)
) ENGINE=MyISAM AUTO_INCREMENT=4 DEFAULT CHARSET=utf8mb4 COLLATE=utf8mb4_unicode_ci;

-- Data for table: partenaire
LOCK TABLES `partenaire` WRITE;
INSERT INTO `partenaire` (`id`, `nom`, `type_partenaire`, `description`, `contact`, `email`, `telephone`, `site_web`, `adresse`, `date_partenariat`) VALUES ('1', 'Université Paris-Saclay', 'universite', 'Partenariat de recherche en IA', 'Dr. Jean Dupont', 'contact@paris-saclay.fr', NULL, 'https://www.universite-paris-saclay.fr', NULL, '2023-01-15');
INSERT INTO `partenaire` (`id`, `nom`, `type_partenaire`, `description`, `contact`, `email`, `telephone`, `site_web`, `adresse`, `date_partenariat`) VALUES ('2', 'Microsoft Algérie', 'entreprise', 'Partenariat technologique cloud', 'Sarah Martin', 'contact@microsoft.dz', NULL, 'https://www.microsoft.com/dz', NULL, '2023-06-20');
INSERT INTO `partenaire` (`id`, `nom`, `type_partenaire`, `description`, `contact`, `email`, `telephone`, `site_web`, `adresse`, `date_partenariat`) VALUES ('3', 'CERIST', 'organisme', 'Centre de recherche sur l\'information scientifique', 'Dr. Karim Ziani', 'contact@cerist.dz', NULL, 'https://www.cerist.dz', NULL, '2022-09-10');
UNLOCK TABLES;


-- --------------------------------------------------------
-- Table: partenaire_industriel
-- --------------------------------------------------------

DROP TABLE IF EXISTS `partenaire_industriel`;
CREATE TABLE `partenaire_industriel` (
  `id` int NOT NULL AUTO_INCREMENT,
  `partenaire_id` int NOT NULL,
  `secteur_activite` varchar(200) COLLATE utf8mb4_unicode_ci DEFAULT NULL,
  `taille_entreprise` enum('startup','pme','grande_entreprise') COLLATE utf8mb4_unicode_ci DEFAULT NULL,
  PRIMARY KEY (`id`),
  UNIQUE KEY `partenaire_id` (`partenaire_id`)
) ENGINE=MyISAM DEFAULT CHARSET=utf8mb4 COLLATE=utf8mb4_unicode_ci;


-- --------------------------------------------------------
-- Table: partenaire_institutionnel
-- --------------------------------------------------------

DROP TABLE IF EXISTS `partenaire_institutionnel`;
CREATE TABLE `partenaire_institutionnel` (
  `id` int NOT NULL AUTO_INCREMENT,
  `partenaire_id` int NOT NULL,
  `type_institution` enum('universite','centre_recherche','ministere','autre') COLLATE utf8mb4_unicode_ci DEFAULT NULL,
  `pays` varchar(100) COLLATE utf8mb4_unicode_ci DEFAULT NULL,
  PRIMARY KEY (`id`),
  UNIQUE KEY `partenaire_id` (`partenaire_id`)
) ENGINE=MyISAM DEFAULT CHARSET=utf8mb4 COLLATE=utf8mb4_unicode_ci;


-- --------------------------------------------------------
-- Table: projet
-- --------------------------------------------------------

DROP TABLE IF EXISTS `projet`;
CREATE TABLE `projet` (
  `id` int NOT NULL AUTO_INCREMENT,
  `titre` varchar(255) COLLATE utf8mb4_unicode_ci NOT NULL,
  `responsable_id` int NOT NULL,
  `status` enum('en_cours','termine','soumis') COLLATE utf8mb4_unicode_ci NOT NULL DEFAULT 'en_cours',
  `thematique` enum('IA','Securite','Cloud','Reseaux','Systemes_embarques','Autre') COLLATE utf8mb4_unicode_ci NOT NULL,
  `type_financement` enum('national','international','prive','universitaire','autre') COLLATE utf8mb4_unicode_ci DEFAULT NULL,
  `date_debut` date DEFAULT NULL,
  `date_fin` date DEFAULT NULL,
  `description` text COLLATE utf8mb4_unicode_ci,
  PRIMARY KEY (`id`),
  KEY `idx_projet_responsable` (`responsable_id`)
) ENGINE=MyISAM AUTO_INCREMENT=4 DEFAULT CHARSET=utf8mb4 COLLATE=utf8mb4_unicode_ci;

-- Data for table: projet
LOCK TABLES `projet` WRITE;
INSERT INTO `projet` (`id`, `titre`, `responsable_id`, `status`, `thematique`, `type_financement`, `date_debut`, `date_fin`, `description`) VALUES ('1', 'Système de reconnaissance faciale intelligent', '2', 'en_cours', 'IA', 'national', '2024-01-10', '2026-01-05', 'Développement de système de reconnaissance faciale utilisant le deep learning');
INSERT INTO `projet` (`id`, `titre`, `responsable_id`, `status`, `thematique`, `type_financement`, `date_debut`, `date_fin`, `description`) VALUES ('2', 'Plateforme de détection d intrusions', '3', 'en_cours', 'Securite', 'international', '2023-09-15', '2026-01-14', 'Solution de détection des intrusions basée sur AI');
INSERT INTO `projet` (`id`, `titre`, `responsable_id`, `status`, `thematique`, `type_financement`, `date_debut`, `date_fin`, `description`) VALUES ('3', 'Infrastructure Cloud pour éducation', '1', 'termine', 'Cloud', 'universitaire', '2022-03-01', '2026-01-13', 'Plateforme cloud pour les établissements universitaires');
UNLOCK TABLES;


-- --------------------------------------------------------
-- Table: projet_membre
-- --------------------------------------------------------

DROP TABLE IF EXISTS `projet_membre`;
CREATE TABLE `projet_membre` (
  `projet_id` int NOT NULL,
  `membre_id` int NOT NULL,
  `role_projet` varchar(100) COLLATE utf8mb4_unicode_ci DEFAULT NULL,
  `date_integration` date DEFAULT NULL,
  PRIMARY KEY (`projet_id`,`membre_id`),
  KEY `membre_id` (`membre_id`)
) ENGINE=MyISAM DEFAULT CHARSET=utf8mb4 COLLATE=utf8mb4_unicode_ci;

-- Data for table: projet_membre
LOCK TABLES `projet_membre` WRITE;
INSERT INTO `projet_membre` (`projet_id`, `membre_id`, `role_projet`, `date_integration`) VALUES ('1', '2', 'Responsable', '2024-01-10');
INSERT INTO `projet_membre` (`projet_id`, `membre_id`, `role_projet`, `date_integration`) VALUES ('1', '1', 'Développeur', '2024-02-01');
INSERT INTO `projet_membre` (`projet_id`, `membre_id`, `role_projet`, `date_integration`) VALUES ('2', '3', 'Responsable', '2023-09-15');
INSERT INTO `projet_membre` (`projet_id`, `membre_id`, `role_projet`, `date_integration`) VALUES ('3', '4', 'Responsable', '2022-03-01');
INSERT INTO `projet_membre` (`projet_id`, `membre_id`, `role_projet`, `date_integration`) VALUES ('3', '1', 'Participant', NULL);
UNLOCK TABLES;


-- --------------------------------------------------------
-- Table: projet_partenaire
-- --------------------------------------------------------

DROP TABLE IF EXISTS `projet_partenaire`;
CREATE TABLE `projet_partenaire` (
  `projet_id` int NOT NULL,
  `partenaire_id` int NOT NULL,
  `role_partenaire` varchar(100) COLLATE utf8mb4_unicode_ci DEFAULT NULL,
  `date_debut` date DEFAULT NULL,
  PRIMARY KEY (`projet_id`,`partenaire_id`),
  KEY `partenaire_id` (`partenaire_id`)
) ENGINE=MyISAM DEFAULT CHARSET=utf8mb4 COLLATE=utf8mb4_unicode_ci;


-- --------------------------------------------------------
-- Table: publication
-- --------------------------------------------------------

DROP TABLE IF EXISTS `publication`;
CREATE TABLE `publication` (
  `id` int NOT NULL AUTO_INCREMENT,
  `type_publication` enum('article','rapport','these','communication','poster','autre') COLLATE utf8mb4_unicode_ci NOT NULL,
  `titre` varchar(255) COLLATE utf8mb4_unicode_ci NOT NULL,
  `resume` text COLLATE utf8mb4_unicode_ci,
  `date_publication` date DEFAULT NULL,
  `doi` varchar(100) COLLATE utf8mb4_unicode_ci DEFAULT NULL,
  `lien` varchar(500) COLLATE utf8mb4_unicode_ci DEFAULT NULL,
  `lien_telechargement` varchar(255) COLLATE utf8mb4_unicode_ci DEFAULT NULL,
  `domaine` varchar(200) COLLATE utf8mb4_unicode_ci DEFAULT NULL,
  `projet_id` int DEFAULT NULL,
  `statut_validation` varchar(20) COLLATE utf8mb4_unicode_ci DEFAULT 'en_attente',
  PRIMARY KEY (`id`),
  KEY `projet_id` (`projet_id`),
  KEY `idx_publication_date` (`date_publication`),
  KEY `idx_publication_statut` (`statut_validation`)
) ENGINE=MyISAM AUTO_INCREMENT=12 DEFAULT CHARSET=utf8mb4 COLLATE=utf8mb4_unicode_ci;

-- Data for table: publication
LOCK TABLES `publication` WRITE;
INSERT INTO `publication` (`id`, `type_publication`, `titre`, `resume`, `date_publication`, `doi`, `lien`, `lien_telechargement`, `domaine`, `projet_id`, `statut_validation`) VALUES ('1', 'article', 'Deep Learning pour la reconnaissance faciale en temps réel', 'Étude comparative des architectures CNN pour la reconnaissance faciale', '2024-05-20', NULL, NULL, NULL, 'Sécurité', '1', 'valide');
INSERT INTO `publication` (`id`, `type_publication`, `titre`, `resume`, `date_publication`, `doi`, `lien`, `lien_telechargement`, `domaine`, `projet_id`, `statut_validation`) VALUES ('2', 'communication', 'Détection d\'intrusions par apprentissage profond', 'Présentation d\'une nouvelle approche de détection', '2024-03-15', NULL, NULL, NULL, 'Blockchain', '2', 'rejete');
INSERT INTO `publication` (`id`, `type_publication`, `titre`, `resume`, `date_publication`, `doi`, `lien`, `lien_telechargement`, `domaine`, `projet_id`, `statut_validation`) VALUES ('3', 'rapport', 'Infrastructure Cloud: Retour d\'expérience', 'Rapport sur le déploiement d\'une solution cloud universitaire', '2023-12-10', NULL, NULL, NULL, 'Réseaux', '3', 'en_attente');
INSERT INTO `publication` (`id`, `type_publication`, `titre`, `resume`, `date_publication`, `doi`, `lien`, `lien_telechargement`, `domaine`, `projet_id`, `statut_validation`) VALUES ('5', 'these', 'Infrastructure Cloud: Retour d\'expérience', 'i attended that event and i had so much fun, and learned a lot', '2026-01-06', NULL, NULL, NULL, 'Sécurité', NULL, 'valide');
UNLOCK TABLES;


-- --------------------------------------------------------
-- Table: publication_auteur
-- --------------------------------------------------------

DROP TABLE IF EXISTS `publication_auteur`;
CREATE TABLE `publication_auteur` (
  `publication_id` int NOT NULL,
  `membre_id` int NOT NULL,
  `ordre_auteur` int DEFAULT NULL,
  PRIMARY KEY (`publication_id`,`membre_id`),
  KEY `membre_id` (`membre_id`)
) ENGINE=MyISAM DEFAULT CHARSET=utf8mb4 COLLATE=utf8mb4_unicode_ci;

-- Data for table: publication_auteur
LOCK TABLES `publication_auteur` WRITE;
INSERT INTO `publication_auteur` (`publication_id`, `membre_id`, `ordre_auteur`) VALUES ('1', '2', '1');
INSERT INTO `publication_auteur` (`publication_id`, `membre_id`, `ordre_auteur`) VALUES ('1', '1', '2');
INSERT INTO `publication_auteur` (`publication_id`, `membre_id`, `ordre_auteur`) VALUES ('2', '3', '1');
INSERT INTO `publication_auteur` (`publication_id`, `membre_id`, `ordre_auteur`) VALUES ('3', '4', '1');
INSERT INTO `publication_auteur` (`publication_id`, `membre_id`, `ordre_auteur`) VALUES ('5', '1', '1');
UNLOCK TABLES;


-- --------------------------------------------------------
-- Table: recherche
-- --------------------------------------------------------

DROP TABLE IF EXISTS `recherche`;
CREATE TABLE `recherche` (
  `id` int NOT NULL AUTO_INCREMENT,
  `domaine` varchar(200) COLLATE utf8mb4_unicode_ci NOT NULL,
  `description` text COLLATE utf8mb4_unicode_ci,
  `membre_id` int DEFAULT NULL,
  PRIMARY KEY (`id`),
  KEY `membre_id` (`membre_id`)
) ENGINE=MyISAM AUTO_INCREMENT=4 DEFAULT CHARSET=utf8mb4 COLLATE=utf8mb4_unicode_ci;

-- Data for table: recherche
LOCK TABLES `recherche` WRITE;
INSERT INTO `recherche` (`id`, `domaine`, `description`, `membre_id`) VALUES ('1', 'Machine Learning', 'Algorithmes d\'apprentissage supervisé et non supervisé', '2');
INSERT INTO `recherche` (`id`, `domaine`, `description`, `membre_id`) VALUES ('2', 'Cybersécurité', 'Détection d\'anomalies et prévention des attaques', '3');
INSERT INTO `recherche` (`id`, `domaine`, `description`, `membre_id`) VALUES ('3', 'Cloud Computing', 'Architecture microservices et conteneurisation', '4');
UNLOCK TABLES;


-- --------------------------------------------------------
-- Table: user
-- --------------------------------------------------------

DROP TABLE IF EXISTS `user`;
CREATE TABLE `user` (
  `id` int NOT NULL AUTO_INCREMENT,
  `username` varchar(100) COLLATE utf8mb4_unicode_ci NOT NULL,
  `password` varchar(255) COLLATE utf8mb4_unicode_ci NOT NULL,
  `email` varchar(150) COLLATE utf8mb4_unicode_ci NOT NULL,
  `role` enum('admin','membre','visiteur') COLLATE utf8mb4_unicode_ci NOT NULL,
  `date_creation` datetime DEFAULT CURRENT_TIMESTAMP,
  `derniere_connexion` datetime DEFAULT NULL,
  `statut` varchar(20) COLLATE utf8mb4_unicode_ci NOT NULL DEFAULT 'actif',
  PRIMARY KEY (`id`),
  UNIQUE KEY `username` (`username`),
  UNIQUE KEY `email` (`email`),
  KEY `idx_user_role` (`role`)
) ENGINE=MyISAM AUTO_INCREMENT=10 DEFAULT CHARSET=utf8mb4 COLLATE=utf8mb4_unicode_ci;

-- Data for table: user
LOCK TABLES `user` WRITE;
INSERT INTO `user` (`id`, `username`, `password`, `email`, `role`, `date_creation`, `derniere_connexion`, `statut`) VALUES ('1', 'admin', '$2y$10$0SjLJARiayNHgTbTJhIWkO1NF95iR3QeTqCIIQCGIsg/IWhyddHjO', 'admin@laboratoire.dz', 'admin', '2025-12-10 00:35:07', '2026-01-14 03:55:55', 'actif');
INSERT INTO `user` (`id`, `username`, `password`, `email`, `role`, `date_creation`, `derniere_connexion`, `statut`) VALUES ('2', 'user', '$2y$10$VO7UnNM5YWVxhItDPqyucezdvQRR3M0FbWOams6OxvC/lhHz3WqP2', 'user@laboratoire.dz', 'membre', '2025-12-10 00:35:07', '2026-01-14 03:52:34', 'actif');
INSERT INTO `user` (`id`, `username`, `password`, `email`, `role`, `date_creation`, `derniere_connexion`, `statut`) VALUES ('3', 'visiteur1', '$2y$10$92IXUNpkjO0rOQ5byMi.Ye4oKoEa3Ro9llC/.og/at2.uheWG/igi', 'visiteur@externe.dz', 'visiteur', '2025-12-10 00:35:07', NULL, 'actif');
INSERT INTO `user` (`id`, `username`, `password`, `email`, `role`, `date_creation`, `derniere_connexion`, `statut`) VALUES ('4', 'karim.benali', '$2y$10$92IXUNpkjO0rOQ5byMi.Ye4oKoEa3Ro9llC/.og/at2.uheWG/igi', 'k.benali@laboratoire.dz', 'membre', '2025-12-10 00:35:07', NULL, 'actif');
INSERT INTO `user` (`id`, `username`, `password`, `email`, `role`, `date_creation`, `derniere_connexion`, `statut`) VALUES ('5', 'sarah.amrani', '$2y$10$92IXUNpkjO0rOQ5byMi.Ye4oKoEa3Ro9llC/.og/at2.uheWG/igi', 's.amrani@laboratoire.dz', 'membre', '2025-12-10 00:35:07', NULL, 'actif');
INSERT INTO `user` (`id`, `username`, `password`, `email`, `role`, `date_creation`, `derniere_connexion`, `statut`) VALUES ('6', 'ahmed.boudiaf', '$2y$10$92IXUNpkjO0rOQ5byMi.Ye4oKoEa3Ro9llC/.og/at2.uheWG/igi', 'a.boudiaf@laboratoire.dz', 'membre', '2025-12-10 00:35:07', NULL, 'actif');
INSERT INTO `user` (`id`, `username`, `password`, `email`, `role`, `date_creation`, `derniere_connexion`, `statut`) VALUES ('9', 'visiteur', '$2y$10$BlLUENpHdTOt8jgL.px4b.dF3LNf0TbFN5/UDxltmoyb9TGEL2rOa', 'visiteur@laboratoire.dz', 'visiteur', '2025-12-15 18:25:02', '2025-12-15 18:28:56', 'actif');
UNLOCK TABLES;


-- --------------------------------------------------------
-- Table: v_evenements_scientifiques
-- --------------------------------------------------------

DROP TABLE IF EXISTS `v_evenements_scientifiques`;
;

-- Data for table: v_evenements_scientifiques
LOCK TABLES `v_evenements_scientifiques` WRITE;
INSERT INTO `v_evenements_scientifiques` (`id`, `type_evenement`, `type_scientifique`, `titre`, `description`, `date_evenement`, `lieu`, `organisateur_id`, `lien_inscription`, `theme_scientifique`, `intervenant_principal`, `nombre_participants`, `organisateur_nom`) VALUES ('1', 'conference', 'conference', 'Conférence Internationale sur l\'IA', 'CIIA 2025 - Intelligence Artificielle et Applications. Une conférence majeure réunissant des experts internationaux.', '2026-05-14 00:00:00', 'Amphithéâtre principal', '2', NULL, 'Intelligence Artificielle et Applications', 'Dr. Ahmed Benali', '150', 'karim.benali');
INSERT INTO `v_evenements_scientifiques` (`id`, `type_evenement`, `type_scientifique`, `titre`, `description`, `date_evenement`, `lieu`, `organisateur_id`, `lien_inscription`, `theme_scientifique`, `intervenant_principal`, `nombre_participants`, `organisateur_nom`) VALUES ('2', 'seminaire', 'seminaire', 'Séminaire sur la Cybersécurité', 'Les dernières tendances en cybersécurité et protection des données dans le cloud.', '2026-02-20 00:00:00', 'Salle de conférences B', '3', NULL, 'Cybersécurité et Protection des Données', 'Prof. Sarah Martin', '80', 'sarah.amrani');
INSERT INTO `v_evenements_scientifiques` (`id`, `type_evenement`, `type_scientifique`, `titre`, `description`, `date_evenement`, `lieu`, `organisateur_id`, `lien_inscription`, `theme_scientifique`, `intervenant_principal`, `nombre_participants`, `organisateur_nom`) VALUES ('4', 'atelier', 'atelier', 'Atelier Machine Learning', 'Introduction pratique aux réseaux de neurones et au deep learning avec Python.', '2025-12-27 00:00:00', 'Laboratoire d\'informatique', '2', NULL, 'Réseaux de Neurones et Deep Learning', 'Dr. Mohamed Rezki', '40', 'karim.benali');
INSERT INTO `v_evenements_scientifiques` (`id`, `type_evenement`, `type_scientifique`, `titre`, `description`, `date_evenement`, `lieu`, `organisateur_id`, `lien_inscription`, `theme_scientifique`, `intervenant_principal`, `nombre_participants`, `organisateur_nom`) VALUES ('5', 'seminaire', 'seminaire', 'Blockchain et Crypto-monnaies', 'Technologies blockchain : applications et perspectives d\'avenir.', '2026-04-05 00:00:00', 'Salle C', '3', NULL, 'Technologies Blockchain', 'Prof. Karim Djelloul', '60', 'sarah.amrani');
INSERT INTO `v_evenements_scientifiques` (`id`, `type_evenement`, `type_scientifique`, `titre`, `description`, `date_evenement`, `lieu`, `organisateur_id`, `lien_inscription`, `theme_scientifique`, `intervenant_principal`, `nombre_participants`, `organisateur_nom`) VALUES ('7', 'conference', 'colloque', 'Colloque International Web Sémantique', 'Colloque réunissant chercheurs et industriels sur les technologies du web sémantique et des données liées', '2026-04-18 09:00:00', 'Auditorium principal', '2', NULL, 'Web Sémantique et Données Liées', 'Prof. Tim Berners-Lee (visioconférence)', '200', 'karim.benali');
INSERT INTO `v_evenements_scientifiques` (`id`, `type_evenement`, `type_scientifique`, `titre`, `description`, `date_evenement`, `lieu`, `organisateur_id`, `lien_inscription`, `theme_scientifique`, `intervenant_principal`, `nombre_participants`, `organisateur_nom`) VALUES ('8', 'conference', 'colloque', 'Colloque National IA et Santé', 'Présentation des dernières avancées en intelligence artificielle appliquée à la santé', '2026-05-22 14:00:00', 'Centre de conférences', '3', NULL, 'IA en Médecine et Diagnostic', 'Dr. Fatima Boukhris', '180', 'sarah.amrani');
INSERT INTO `v_evenements_scientifiques` (`id`, `type_evenement`, `type_scientifique`, `titre`, `description`, `date_evenement`, `lieu`, `organisateur_id`, `lien_inscription`, `theme_scientifique`, `intervenant_principal`, `nombre_participants`, `organisateur_nom`) VALUES ('9', 'conference', 'colloque', 'Colloque Recherche en Réseaux', 'Colloque sur les architectures réseaux de nouvelle génération', '2026-07-10 09:00:00', 'Grand amphithéâtre', '2', NULL, 'Réseaux 5G et IoT', 'Prof. Jean Dupont', '120', 'karim.benali');
UNLOCK TABLES;


-- --------------------------------------------------------
-- Table: visiteur
-- --------------------------------------------------------

DROP TABLE IF EXISTS `visiteur`;
CREATE TABLE `visiteur` (
  `id` int NOT NULL AUTO_INCREMENT,
  `user_id` int NOT NULL,
  `nom` varchar(100) COLLATE utf8mb4_unicode_ci DEFAULT NULL,
  `prenom` varchar(100) COLLATE utf8mb4_unicode_ci DEFAULT NULL,
  `organisation` varchar(200) COLLATE utf8mb4_unicode_ci DEFAULT NULL,
  `motif_visite` text COLLATE utf8mb4_unicode_ci,
  PRIMARY KEY (`id`),
  UNIQUE KEY `user_id` (`user_id`)
) ENGINE=MyISAM AUTO_INCREMENT=4 DEFAULT CHARSET=utf8mb4 COLLATE=utf8mb4_unicode_ci;

-- Data for table: visiteur
LOCK TABLES `visiteur` WRITE;
INSERT INTO `visiteur` (`id`, `user_id`, `nom`, `prenom`, `organisation`, `motif_visite`) VALUES ('1', '3', 'Durand', 'Pierre', 'Université de Lyon', 'Visite de collaboration scientifique');
INSERT INTO `visiteur` (`id`, `user_id`, `nom`, `prenom`, `organisation`, `motif_visite`) VALUES ('2', '8', 'Nouveau', 'Visiteur', 'Organisation Externe', 'Visite de découverte du laboratoire');
INSERT INTO `visiteur` (`id`, `user_id`, `nom`, `prenom`, `organisation`, `motif_visite`) VALUES ('3', '9', 'Test', 'Visiteur', 'Université de Test', 'Test du système de réservation');
UNLOCK TABLES;

SET FOREIGN_KEY_CHECKS=1;
